file,ratio_0p0253,ratio_min,ratio_max,rms_rel_dev
benzene_solid_100K,0.9999916356641707,0.9907295152396689,1.002025275850091,0.001232656315795149
benzene_solid_150K,0.9999703272010395,0.9936259378059374,1.0018302517519344,0.0013408143443809342
benzene_solid_20K,1.0002316020765594,0.9927446941116993,1.011556957959243,0.0033652957955099725
benzene_solid_50K,1.0000832522195513,0.9949144985865175,1.004880921570013,0.001510627201276818
ethanol_solid_100K,1.0000790661692596,0.9918752217778626,1.001974201535435,0.0014810937513448183
ethanol_solid_20K,1.0001584583119116,0.9803856853746593,1.006449546851105,0.005550292994726172
m-xylene_solid_100K,0.9999665129462034,0.992423346658067,1.0019226599431619,0.001379871548679299
m-xylene_solid_150K,0.9999126499240444,0.9927140888335744,1.0019534743419738,0.0014701648228944782
m-xylene_solid_20K,1.0000243174932064,0.9868498433691244,1.0094934848567605,0.004851178315373962
m-xylene_solid_50K,1.0000222497073323,0.9948714547654912,1.0022705210764278,0.0011517079005312384
mesitylene_solid_100K,0.9999651053608625,0.9922485805662697,1.0019205422749562,0.001428859147427508
mesitylene_solid_150K,0.9999063054465549,0.992598786928137,1.0019456213612385,0.0014905441456220063
mesitylene_solid_20K,1.0001289337649633,0.9850979123389204,1.004753411689858,0.004597605999402218
mesitylene_solid_50K,0.99999351440305,0.9948029247998207,1.001905776490234,0.0010992330455205268
methane_solid_20K,1.000017744659,0.974432537468485,1.002029402605903,0.006883021643550017
toluene_solid_100K,0.9999988242190881,0.9927189884066591,1.0019436888329603,0.0012832939127661125
toluene_solid_150K,0.9999724039869903,0.9938472134654507,1.00192625654243,0.0013812551075818703
toluene_solid_20K,1.0001473552837012,0.9894893860330437,1.0169447118706874,0.005791330585534503
toluene_solid_50K,1.0000277974379355,0.9948639596429901,1.0041746814797257,0.0016162156858673142
triphenylmethane_solid_100K,1.0000498063831025,0.9949779009575633,1.0025196905361595,0.0012184957678340845
triphenylmethane_solid_20K,1.0001345842705245,0.9946688146461905,1.0300080615087663,0.008726468010479292
triphenylmethane_solid_300K,0.9999452995283431,0.993783525616782,1.0020631627084275,0.0014271744126994489
