# NJOY2016 thermr (iinc=2, no coherent elastic) inelastic scattering cross section from JENDL-5 TSL ENDF-6 files
# material mesitylene_solid, T = 100 K, per-atom average over the molecule; components: H:tsl_H(C9H12)_0038.dat(x12), C:tsl_C(C9H12)_0638.dat(x9)
# energies above the evaluation's E_max (10 eV) are omitted. Columns: neutron energy [eV], xs [barn/atom]
E_eV,njoy_inelastic_xs_barn_per_atom
1.02214884e-05,7.15515958e+01
1.04478825e-05,7.08496452e+01
1.06792910e-05,7.01450737e+01
1.09158249e-05,6.94405284e+01
1.11575978e-05,6.87389332e+01
1.14047256e-05,6.80363664e+01
1.16573271e-05,6.73335814e+01
1.19155233e-05,6.66313151e+01
1.21794384e-05,6.59309317e+01
1.24491988e-05,6.52349165e+01
1.27249341e-05,6.45407823e+01
1.30067767e-05,6.38491607e+01
1.32948617e-05,6.31606476e+01
1.35893274e-05,6.24757455e+01
1.38903153e-05,6.17995239e+01
1.41979697e-05,6.11246042e+01
1.45124382e-05,6.04520268e+01
1.48338719e-05,5.97873177e+01
1.51624250e-05,5.91271918e+01
1.54982551e-05,5.84726279e+01
1.58415235e-05,5.78278139e+01
1.61923948e-05,5.71832261e+01
1.65510376e-05,5.65560736e+01
1.69176239e-05,5.59254504e+01
1.72923296e-05,5.53136229e+01
1.76753347e-05,5.47045070e+01
1.80668229e-05,5.41015885e+01
1.84669820e-05,5.35149892e+01
1.88760043e-05,5.29307631e+01
1.92940859e-05,5.23570287e+01
1.97214275e-05,5.17967235e+01
2.01582343e-05,5.12439447e+01
2.06047158e-05,5.07035693e+01
2.10610863e-05,5.01628165e+01
2.15275650e-05,4.96419900e+01
2.20043756e-05,4.91203788e+01
2.24917470e-05,4.86167257e+01
2.29899131e-05,4.81148948e+01
2.34991130e-05,4.76259315e+01
2.40195911e-05,4.71433665e+01
2.45515972e-05,4.66665012e+01
2.50953866e-05,4.61870012e+01
2.56512203e-05,4.57004304e+01
2.62193651e-05,4.52206284e+01
2.68000936e-05,4.47414030e+01
2.73936846e-05,4.42681022e+01
2.80004229e-05,4.38063082e+01
2.86205998e-05,4.33465442e+01
2.92545129e-05,4.28948548e+01
2.99024665e-05,4.24531596e+01
3.05647714e-05,4.20152007e+01
3.12417457e-05,4.15822442e+01
3.19337141e-05,4.11618462e+01
3.26410088e-05,4.07459301e+01
3.33639693e-05,4.03350781e+01
3.41029426e-05,3.99296839e+01
3.48582832e-05,3.95331966e+01
3.56303537e-05,3.91255373e+01
3.64195247e-05,3.87187044e+01
3.72261750e-05,3.83168621e+01
3.80506916e-05,3.79203635e+01
3.88934703e-05,3.75294972e+01
3.97549155e-05,3.71444864e+01
4.06354408e-05,3.67655774e+01
4.15354687e-05,3.64002993e+01
4.24554312e-05,3.60269308e+01
4.33957697e-05,3.56723151e+01
4.43569357e-05,3.53112195e+01
4.53393904e-05,3.49680946e+01
4.63436053e-05,3.46201048e+01
4.73700624e-05,3.42866598e+01
4.84192544e-05,3.39520391e+01
4.94916847e-05,3.36262918e+01
5.05878681e-05,3.32943345e+01
5.17083307e-05,3.29580574e+01
5.28536103e-05,3.26289802e+01
5.40242565e-05,3.23050770e+01
5.52208311e-05,3.19848007e+01
5.64439085e-05,3.16686512e+01
5.76940756e-05,3.13583982e+01
5.89719325e-05,3.10546094e+01
6.02780924e-05,3.07552193e+01
6.16131822e-05,3.04604495e+01
6.29778428e-05,3.01704402e+01
6.43727289e-05,2.98852582e+01
6.57985102e-05,2.96049047e+01
6.72558709e-05,2.93293090e+01
6.87455105e-05,2.90583680e+01
7.02681438e-05,2.87898422e+01
7.18245017e-05,2.85153943e+01
7.34153311e-05,2.82493773e+01
7.50413956e-05,2.79784321e+01
7.67034755e-05,2.77201704e+01
7.84023685e-05,2.74591076e+01
8.01388900e-05,2.72075537e+01
8.19138735e-05,2.69567812e+01
8.37281708e-05,2.67113227e+01
8.55826527e-05,2.64709102e+01
8.74782092e-05,2.62309119e+01
8.94157501e-05,2.60006226e+01
9.13962053e-05,2.57708599e+01
9.34205252e-05,2.55447471e+01
9.54896815e-05,2.53246881e+01
9.76046672e-05,2.51060547e+01
9.97664974e-05,2.48906488e+01
1.01976210e-04,2.46756520e+01
1.04234864e-04,2.44621819e+01
1.06543546e-04,2.42513702e+01
1.08903362e-04,2.40456779e+01
1.11315445e-04,2.38440077e+01
1.13780953e-04,2.36452562e+01
1.16301069e-04,2.34496421e+01
1.18877003e-04,2.32573159e+01
1.21509991e-04,2.30695509e+01
1.24201296e-04,2.28852085e+01
1.26952211e-04,2.27024985e+01
1.29764055e-04,2.25217563e+01
1.32638178e-04,2.23438016e+01
1.35575960e-04,2.21691141e+01
1.38578810e-04,2.19989843e+01
1.41648170e-04,2.18321314e+01
1.44785513e-04,2.16660877e+01
1.47992344e-04,2.15057123e+01
1.51270203e-04,2.13467056e+01
1.54620663e-04,2.11921274e+01
1.58045331e-04,2.10398967e+01
1.61545852e-04,2.08896477e+01
1.65123905e-04,2.07433826e+01
1.68781208e-04,2.05966853e+01
1.72519516e-04,2.04574037e+01
1.76340623e-04,2.03185619e+01
1.80246364e-04,2.01833109e+01
1.84238612e-04,2.00522435e+01
1.88319283e-04,1.99225296e+01
1.92490337e-04,1.97972343e+01
1.96753775e-04,1.96751441e+01
2.01111643e-04,1.95550357e+01
2.05566032e-04,1.94386021e+01
2.10119081e-04,1.93214247e+01
2.14772975e-04,1.92112539e+01
2.19529948e-04,1.91003657e+01
2.24392281e-04,1.89960003e+01
2.29362310e-04,1.88917689e+01
2.34442419e-04,1.87927702e+01
2.39635047e-04,1.86953426e+01
2.44942686e-04,1.86012668e+01
2.50367882e-04,1.85104386e+01
2.55913240e-04,1.84206133e+01
2.61581422e-04,1.83359979e+01
2.67375147e-04,1.82522966e+01
2.73297196e-04,1.81722281e+01
2.79350412e-04,1.80956482e+01
2.85537700e-04,1.80207581e+01
2.91862029e-04,1.79498664e+01
2.98326434e-04,1.78817784e+01
3.04934019e-04,1.78156606e+01
3.11687954e-04,1.77525088e+01
3.18591480e-04,1.76931898e+01
3.25647912e-04,1.76362702e+01
3.32860636e-04,1.75819404e+01
3.40233113e-04,1.75306074e+01
3.47768882e-04,1.74829762e+01
3.55471559e-04,1.74376359e+01
3.63344842e-04,1.73949038e+01
3.71392509e-04,1.73550184e+01
3.79618422e-04,1.73180493e+01
3.88026530e-04,1.72840494e+01
3.96620868e-04,1.72531661e+01
4.05405560e-04,1.72254067e+01
4.14384823e-04,1.72019948e+01
4.23562966e-04,1.71785787e+01
4.32944395e-04,1.71601248e+01
4.42533611e-04,1.71422754e+01
4.52335217e-04,1.71296573e+01
4.62353918e-04,1.71175745e+01
4.72594521e-04,1.71110952e+01
4.83061942e-04,1.71054927e+01
4.93761203e-04,1.71043245e+01
5.04697441e-04,1.71049521e+01
5.15875905e-04,1.71081487e+01
5.27301958e-04,1.71150731e+01
5.38981084e-04,1.71246161e+01
5.50918890e-04,1.71368388e+01
5.63121105e-04,1.71518557e+01
5.75593584e-04,1.71703656e+01
5.88342315e-04,1.71917673e+01
6.01373415e-04,1.72159595e+01
6.14693138e-04,1.72428699e+01
6.28307879e-04,1.72724261e+01
6.42224169e-04,1.73047426e+01
6.56448690e-04,1.73399551e+01
6.70988267e-04,1.73782229e+01
6.85849879e-04,1.74193009e+01
7.01040659e-04,1.74640183e+01
7.16567896e-04,1.75100503e+01
7.32439044e-04,1.75600649e+01
7.48661720e-04,1.76116699e+01
7.65243709e-04,1.76668678e+01
7.82192969e-04,1.77236532e+01
7.99517636e-04,1.77842151e+01
8.17226025e-04,1.78467214e+01
8.35326634e-04,1.79123053e+01
8.53828150e-04,1.79803718e+01
8.72739453e-04,1.80508256e+01
8.92069620e-04,1.81241124e+01
9.11827927e-04,1.81995824e+01
9.32023859e-04,1.82777313e+01
9.52667106e-04,1.83584511e+01
9.73767578e-04,1.84414823e+01
9.95335400e-04,1.85270522e+01
1.01738093e-03,1.86149215e+01
1.03991473e-03,1.87049896e+01
1.06294764e-03,1.87972906e+01
1.08649070e-03,1.88919405e+01
1.11055520e-03,1.89887868e+01
1.13515271e-03,1.90878127e+01
1.16029503e-03,1.91889895e+01
1.18599422e-03,1.92922545e+01
1.21226262e-03,1.93974885e+01
1.23911283e-03,1.95044774e+01
1.26655774e-03,1.96132204e+01
1.29461053e-03,1.97237610e+01
1.32328465e-03,1.98361065e+01
1.35259387e-03,1.99501935e+01
1.38255225e-03,2.00658214e+01
1.41317418e-03,2.01829106e+01
1.44447435e-03,2.03020968e+01
1.47646778e-03,2.04221529e+01
1.50916983e-03,2.05441082e+01
1.54259619e-03,2.06667713e+01
1.57676291e-03,2.07910008e+01
1.61168638e-03,2.09163410e+01
1.64738336e-03,2.10425833e+01
1.68387100e-03,2.11704824e+01
1.72116679e-03,2.12983174e+01
1.75928863e-03,2.14278457e+01
1.79825484e-03,2.15576441e+01
1.83808410e-03,2.16880165e+01
1.87879553e-03,2.18196390e+01
1.92040867e-03,2.19509157e+01
1.96294349e-03,2.20829248e+01
2.00642042e-03,2.22156835e+01
2.05086030e-03,2.23473673e+01
2.09628448e-03,2.24816517e+01
2.14271475e-03,2.26134433e+01
2.19017340e-03,2.27478284e+01
2.23868320e-03,2.28796130e+01
2.28826743e-03,2.30134789e+01
2.33894990e-03,2.31451160e+01
2.39075493e-03,2.32778749e+01
2.44370738e-03,2.34093785e+01
2.49783266e-03,2.35406066e+01
2.55315676e-03,2.36719352e+01
2.60970622e-03,2.38011827e+01
2.66750819e-03,2.39311471e+01
2.72659040e-03,2.40591880e+01
2.78698122e-03,2.41865067e+01
2.84870962e-03,2.43138879e+01
2.91180523e-03,2.44387630e+01
2.97629834e-03,2.45630058e+01
3.04221990e-03,2.46867838e+01
3.10960154e-03,2.48086109e+01
3.17847561e-03,2.49288722e+01
3.24887516e-03,2.50482564e+01
3.32083398e-03,2.51665578e+01
3.39438660e-03,2.52827694e+01
3.46956833e-03,2.53971947e+01
3.54641524e-03,2.55102961e+01
3.62496422e-03,2.56219201e+01
3.70525298e-03,2.57319249e+01
3.78732004e-03,2.58402078e+01
3.87120478e-03,2.59464724e+01
3.95694748e-03,2.60506547e+01
4.04458928e-03,2.61530315e+01
4.13417224e-03,2.62518912e+01
4.22573936e-03,2.63515839e+01
4.31933459e-03,2.64473626e+01
4.41500284e-03,2.65430775e+01
4.51279003e-03,2.66349342e+01
4.61274310e-03,2.67269996e+01
4.71491001e-03,2.68145831e+01
4.81933979e-03,2.69027444e+01
4.92608258e-03,2.69862450e+01
5.03518960e-03,2.70696377e+01
5.14671321e-03,2.71506745e+01
5.26070694e-03,2.72286638e+01
5.37722550e-03,2.73051648e+01
5.49632480e-03,2.73800168e+01
5.61806203e-03,2.74528534e+01
5.74249558e-03,2.75231285e+01
5.86968520e-03,2.75916885e+01
5.99969192e-03,2.76584322e+01
6.13257814e-03,2.77232909e+01
6.26840763e-03,2.77862228e+01
6.40724559e-03,2.78472246e+01
6.54915865e-03,2.79059580e+01
6.69421492e-03,2.79627920e+01
6.84248402e-03,2.80177430e+01
6.99403711e-03,2.80696282e+01
7.14894692e-03,2.81216258e+01
7.30728780e-03,2.81703838e+01
7.46913575e-03,2.82187772e+01
7.63456845e-03,2.82637622e+01
7.80366528e-03,2.83086932e+01
7.97650742e-03,2.83497653e+01
8.15317781e-03,2.83907394e+01
8.33376124e-03,2.84286331e+01
8.51834439e-03,2.84654771e+01
8.70701584e-03,2.85006593e+01
8.89986614e-03,2.85334978e+01
9.09698786e-03,2.85655173e+01
9.29847559e-03,2.85952060e+01
9.50442604e-03,2.86232865e+01
9.71493805e-03,2.86501747e+01
9.93011266e-03,2.86746254e+01
1.01500531e-02,2.86973644e+01
1.03748651e-02,2.87187083e+01
1.06046563e-02,2.87383258e+01
1.08395371e-02,2.87558485e+01
1.10796203e-02,2.87719054e+01
1.13250210e-02,2.87863341e+01
1.15758571e-02,2.87989935e+01
1.18322489e-02,2.88098516e+01
1.20943195e-02,2.88186225e+01
1.23621947e-02,2.88258461e+01
1.26360029e-02,2.88312648e+01
1.29158758e-02,2.88348473e+01
1.32019474e-02,2.88367580e+01
1.34943553e-02,2.88366576e+01
1.37932396e-02,2.88348426e+01
1.40987438e-02,2.88304353e+01
1.44110147e-02,2.88255223e+01
1.47302019e-02,2.88173020e+01
1.50564588e-02,2.88083083e+01
1.53899419e-02,2.87962265e+01
1.57308113e-02,2.87828785e+01
1.60792305e-02,2.87669673e+01
1.64353668e-02,2.87491277e+01
1.67993911e-02,2.87294089e+01
1.71714782e-02,2.87069806e+01
1.75518065e-02,2.86831053e+01
1.79405587e-02,2.86563816e+01
1.83379212e-02,2.86277447e+01
1.87440849e-02,2.85973035e+01
1.91592447e-02,2.85639015e+01
1.95835997e-02,2.85286826e+01
2.00173537e-02,2.84914998e+01
2.04607149e-02,2.84515126e+01
2.09138960e-02,2.84095624e+01
2.13771145e-02,2.83656137e+01
2.18505928e-02,2.83191963e+01
2.23345581e-02,2.82704903e+01
2.28292427e-02,2.82194377e+01
2.33348839e-02,2.81658297e+01
2.38517246e-02,2.81097433e+01
2.43800126e-02,2.80506061e+01
2.49200016e-02,2.79889703e+01
2.54719507e-02,2.79244894e+01
2.60361249e-02,2.78565552e+01
2.66127949e-02,2.77869923e+01
2.72022374e-02,2.77154578e+01
2.78047354e-02,2.76427467e+01
2.84205781e-02,2.75692149e+01
2.90500609e-02,2.74943565e+01
2.96934861e-02,2.74181081e+01
3.03511624e-02,2.73400137e+01
3.10234054e-02,2.72599819e+01
3.17105379e-02,2.71779482e+01
3.24128895e-02,2.70940359e+01
3.31307974e-02,2.70082082e+01
3.38646062e-02,2.69207794e+01
3.46146679e-02,2.68312617e+01
3.53813427e-02,2.67395814e+01
3.61649984e-02,2.66453421e+01
3.69660112e-02,2.65488402e+01
3.77847654e-02,2.64495157e+01
3.86216542e-02,2.63468323e+01
3.94770790e-02,2.62413924e+01
4.03514506e-02,2.61325127e+01
4.12451884e-02,2.60201803e+01
4.21587215e-02,2.59051753e+01
4.30924883e-02,2.57870333e+01
4.40469369e-02,2.56659240e+01
4.50225255e-02,2.55424036e+01
4.60197222e-02,2.54153689e+01
4.70390057e-02,2.52862416e+01
4.80808651e-02,2.51539373e+01
4.91458005e-02,2.50195967e+01
5.02343230e-02,2.48822882e+01
5.13469550e-02,2.47419666e+01
5.24842305e-02,2.46001653e+01
5.36466953e-02,2.44568635e+01
5.48349074e-02,2.43122344e+01
5.60494370e-02,2.41677007e+01
5.72908671e-02,2.40240161e+01
5.85597933e-02,2.38802248e+01
5.98568249e-02,2.37363101e+01
6.11825841e-02,2.35920467e+01
6.25377074e-02,2.34470880e+01
6.39228451e-02,2.33022525e+01
6.53386620e-02,2.31562916e+01
6.67858376e-02,2.30086084e+01
6.82650664e-02,2.28593173e+01
6.97770585e-02,2.27079584e+01
7.13225394e-02,2.25536145e+01
7.29022509e-02,2.23981356e+01
7.45169512e-02,2.22401732e+01
7.61674153e-02,2.20816944e+01
7.78544352e-02,2.19205739e+01
7.95788207e-02,2.17590463e+01
8.13413993e-02,2.15943808e+01
8.31430169e-02,2.14294870e+01
8.49845383e-02,2.12620768e+01
8.68668473e-02,2.10927925e+01
8.87908472e-02,2.09221408e+01
9.07574615e-02,2.07489811e+01
9.27676341e-02,2.05752968e+01
9.48223296e-02,2.03995637e+01
9.69225342e-02,2.02213647e+01
9.90692559e-02,2.00440413e+01
1.01263525e-01,1.98678206e+01
1.03506395e-01,1.96931336e+01
1.05798941e-01,1.95228058e+01
1.08142265e-01,1.93628465e+01
1.10537491e-01,1.92138390e+01
1.12985768e-01,1.90778423e+01
1.15488272e-01,1.89567332e+01
1.18046203e-01,1.88426332e+01
1.20660790e-01,1.87298462e+01
1.23333286e-01,1.86177190e+01
1.26064976e-01,1.85061593e+01
1.28857169e-01,1.83951001e+01
1.31711205e-01,1.82847387e+01
1.34628456e-01,1.81788008e+01
1.37610320e-01,1.80808057e+01
1.40658229e-01,1.79902554e+01
1.43773646e-01,1.78977150e+01
1.46958065e-01,1.78052053e+01
1.50213016e-01,1.77107905e+01
1.53540060e-01,1.76163850e+01
1.56940794e-01,1.75210318e+01
1.60416851e-01,1.74281504e+01
1.63969898e-01,1.73373573e+01
1.67601641e-01,1.72505584e+01
1.71313823e-01,1.71731353e+01
1.75108226e-01,1.70996154e+01
1.78986670e-01,1.70399663e+01
1.82951017e-01,1.69839122e+01
1.87003170e-01,1.69333025e+01
1.91145073e-01,1.68892298e+01
1.95378715e-01,1.68473028e+01
1.99706127e-01,1.68078066e+01
2.04129386e-01,1.67680532e+01
2.08650615e-01,1.67274643e+01
2.13271984e-01,1.66878746e+01
2.17995711e-01,1.66475136e+01
2.22824064e-01,1.66068871e+01
2.27759358e-01,1.65653100e+01
2.32803964e-01,1.65224759e+01
2.37960302e-01,1.64783289e+01
2.43230846e-01,1.64295732e+01
2.48618128e-01,1.63779761e+01
2.54124731e-01,1.63212459e+01
2.59753299e-01,1.62602607e+01
2.65506533e-01,1.61961134e+01
2.71387195e-01,1.61271771e+01
2.77398107e-01,1.60561829e+01
2.83542153e-01,1.59829077e+01
2.89822283e-01,1.59094665e+01
2.96241510e-01,1.58351295e+01
3.02802916e-01,1.57600065e+01
3.09509650e-01,1.56834114e+01
3.16364930e-01,1.56057625e+01
3.23372046e-01,1.55271811e+01
3.30534362e-01,1.54478821e+01
3.37855314e-01,1.53714100e+01
3.45338418e-01,1.52983131e+01
3.52987263e-01,1.52297994e+01
3.60805522e-01,1.51670916e+01
3.68796946e-01,1.51112710e+01
3.76965370e-01,1.50656161e+01
3.85314716e-01,1.50288807e+01
3.93848990e-01,1.50025502e+01
4.02572289e-01,1.49840470e+01
4.11488798e-01,1.49703070e+01
4.20602798e-01,1.49580511e+01
4.29918662e-01,1.49451961e+01
4.39440862e-01,1.49317570e+01
4.49173967e-01,1.49142597e+01
4.59122650e-01,1.48932318e+01
4.69291684e-01,1.48675199e+01
4.79685950e-01,1.48390659e+01
4.90310438e-01,1.48099411e+01
5.01170246e-01,1.47801816e+01
5.12270585e-01,1.47498510e+01
5.23616785e-01,1.47188486e+01
5.35214289e-01,1.46891110e+01
5.47068665e-01,1.46624930e+01
5.59185602e-01,1.46352702e+01
5.71570914e-01,1.46142583e+01
5.84230547e-01,1.45952536e+01
5.97170576e-01,1.45769657e+01
6.10397212e-01,1.45615875e+01
6.23916802e-01,1.45458687e+01
6.37735836e-01,1.45318511e+01
6.51860945e-01,1.45176873e+01
6.66298909e-01,1.45031158e+01
6.81056657e-01,1.44882216e+01
6.96141272e-01,1.44712231e+01
7.11559994e-01,1.44524956e+01
7.27320223e-01,1.44333439e+01
7.43429522e-01,1.44137125e+01
7.59895624e-01,1.43966889e+01
7.76726431e-01,1.43813214e+01
7.93930021e-01,1.43656075e+01
8.11514650e-01,1.43495201e+01
8.29488758e-01,1.43370562e+01
8.47860972e-01,1.43245529e+01
8.66640110e-01,1.43117381e+01
8.85835183e-01,1.42988312e+01
9.05455405e-01,1.42857823e+01
9.25510192e-01,1.42724158e+01
9.46009170e-01,1.42597258e+01
9.66962176e-01,1.42481235e+01
9.88379266e-01,1.42362565e+01
1.01027072e+00,1.42249355e+01
1.03264705e+00,1.42142992e+01
1.05551898e+00,1.42034273e+01
1.07889750e+00,1.41931759e+01
1.10279383e+00,1.41830722e+01
1.12721943e+00,1.41728601e+01
1.15218604e+00,1.41636016e+01
1.17770562e+00,1.41541381e+01
1.20379044e+00,1.41451635e+01
1.23045300e+00,1.41364194e+01
1.25770611e+00,1.41277773e+01
1.28556284e+00,1.41197104e+01
1.31403656e+00,1.41114648e+01
1.34314095e+00,1.41030366e+01
1.37288996e+00,1.40944217e+01
1.40329788e+00,1.40871180e+01
1.43437930e+00,1.40797669e+01
1.46614914e+00,1.40722530e+01
1.49862265e+00,1.40645726e+01
1.53181540e+00,1.40578795e+01
1.56574333e+00,1.40510894e+01
1.60042273e+00,1.40441488e+01
1.63587024e+00,1.40373602e+01
1.67210287e+00,1.40311274e+01
1.70913801e+00,1.40247567e+01
1.74699343e+00,1.40182448e+01
1.78568731e+00,1.40123800e+01
1.82523822e+00,1.40064535e+01
1.86566513e+00,1.40003958e+01
1.90698744e+00,1.39947949e+01
1.94922501e+00,1.39892462e+01
1.99239808e+00,1.39835746e+01
2.03652739e+00,1.39784482e+01
2.08163411e+00,1.39733509e+01
2.12773989e+00,1.39681405e+01
2.17486686e+00,1.39628119e+01
2.22303764e+00,1.39579717e+01
2.27227534e+00,1.39532359e+01
2.32260361e+00,1.39483842e+01
2.37404658e+00,1.39434251e+01
2.42662896e+00,1.39390233e+01
2.48037598e+00,1.39345366e+01
2.53531343e+00,1.39299324e+01
2.59146768e+00,1.39255221e+01
2.64886569e+00,1.39213080e+01
2.70753499e+00,1.39170006e+01
2.76750375e+00,1.39127536e+01
2.82880075e+00,1.39087989e+01
2.89145540e+00,1.39047567e+01
2.95549779e+00,1.39007593e+01
3.02095864e+00,1.38970189e+01
3.08786937e+00,1.38931829e+01
3.15626209e+00,1.38894505e+01
3.22616964e+00,1.38858645e+01
3.29762555e+00,1.38821890e+01
3.37066413e+00,1.38787532e+01
3.44532044e+00,1.38753265e+01
3.52163029e+00,1.38720361e+01
3.59963032e+00,1.38692213e+01
3.67935795e+00,1.38663441e+01
3.76085146e+00,1.38634021e+01
3.84414996e+00,1.38603877e+01
3.92929343e+00,1.38579635e+01
4.01632272e+00,1.38558625e+01
4.10527961e+00,1.38536946e+01
4.19620679e+00,1.38514786e+01
4.28914791e+00,1.38494082e+01
4.38414756e+00,1.38475656e+01
4.48125134e+00,1.38456821e+01
4.58050586e+00,1.38437568e+01
4.68195876e+00,1.38419320e+01
4.78565871e+00,1.38401789e+01
4.89165550e+00,1.38383829e+01
5.00000000e+00,1.38365471e+01
